timeStamp,elapsed,label,responseCode,responseMessage,threadName,dataType,success,failureMessage,bytes,sentBytes,grpThreads,allThreads,URL,Latency,IdleTime,Connect
1662375775802,2262,https://q7y8ibn334.execute-api.us-east-1.amazonaws.com/prodlive/getfilter,200,OK,Thread Group 1-1,text,true,,613,2147,3,3,https://q7y8ibn334.execute-api.us-east-1.amazonaws.com/prodlive/getfilter,2260,0,1397
1662375776741,1420,https://q7y8ibn334.execute-api.us-east-1.amazonaws.com/prodlive/getfilter,200,OK,Thread Group 1-2,text,true,,613,2147,3,3,https://q7y8ibn334.execute-api.us-east-1.amazonaws.com/prodlive/getfilter,1420,0,563
1662375778067,831,https://q7y8ibn334.execute-api.us-east-1.amazonaws.com/prodlive/getfilter,200,OK,Thread Group 1-1,text,true,,613,2150,4,4,https://q7y8ibn334.execute-api.us-east-1.amazonaws.com/prodlive/getfilter,831,0,0
1662375778164,854,https://q7y8ibn334.execute-api.us-east-1.amazonaws.com/prodlive/getfilter,200,OK,Thread Group 1-2,text,true,,613,2150,4,4,https://q7y8ibn334.execute-api.us-east-1.amazonaws.com/prodlive/getfilter,854,0,0
1662375777738,1380,https://q7y8ibn334.execute-api.us-east-1.amazonaws.com/prodlive/getfilter,200,OK,Thread Group 1-3,text,true,,613,2147,4,4,https://q7y8ibn334.execute-api.us-east-1.amazonaws.com/prodlive/getfilter,1380,0,535
1662375779119,838,https://q7y8ibn334.execute-api.us-east-1.amazonaws.com/prodlive/getfilter,200,OK,Thread Group 1-3,text,true,,613,2150,5,5,https://q7y8ibn334.execute-api.us-east-1.amazonaws.com/prodlive/getfilter,838,0,0
1662375778735,1363,https://q7y8ibn334.execute-api.us-east-1.amazonaws.com/prodlive/getfilter,200,OK,Thread Group 1-4,text,true,,613,2147,5,5,https://q7y8ibn334.execute-api.us-east-1.amazonaws.com/prodlive/getfilter,1363,0,522
1662375780100,836,https://q7y8ibn334.execute-api.us-east-1.amazonaws.com/prodlive/getfilter,200,OK,Thread Group 1-4,text,true,,613,2150,6,6,https://q7y8ibn334.execute-api.us-east-1.amazonaws.com/prodlive/getfilter,836,0,0
1662375779736,1362,https://q7y8ibn334.execute-api.us-east-1.amazonaws.com/prodlive/getfilter,200,OK,Thread Group 1-5,text,true,,613,2147,6,6,https://q7y8ibn334.execute-api.us-east-1.amazonaws.com/prodlive/getfilter,1362,0,525
1662375781099,843,https://q7y8ibn334.execute-api.us-east-1.amazonaws.com/prodlive/getfilter,200,OK,Thread Group 1-5,text,true,,613,2150,7,7,https://q7y8ibn334.execute-api.us-east-1.amazonaws.com/prodlive/getfilter,843,0,0
1662375780739,1377,https://q7y8ibn334.execute-api.us-east-1.amazonaws.com/prodlive/getfilter,200,OK,Thread Group 1-6,text,true,,613,2147,7,7,https://q7y8ibn334.execute-api.us-east-1.amazonaws.com/prodlive/getfilter,1377,0,533
1662375782117,844,https://q7y8ibn334.execute-api.us-east-1.amazonaws.com/prodlive/getfilter,200,OK,Thread Group 1-6,text,true,,613,2150,8,8,https://q7y8ibn334.execute-api.us-east-1.amazonaws.com/prodlive/getfilter,844,0,0
1662375781740,1381,https://q7y8ibn334.execute-api.us-east-1.amazonaws.com/prodlive/getfilter,200,OK,Thread Group 1-7,text,true,,613,2147,8,8,https://q7y8ibn334.execute-api.us-east-1.amazonaws.com/prodlive/getfilter,1381,0,541
1662375782735,944,https://q7y8ibn334.execute-api.us-east-1.amazonaws.com/prodlive/getfilter,200,OK,Thread Group 1-8,text,true,,613,2147,8,8,https://q7y8ibn334.execute-api.us-east-1.amazonaws.com/prodlive/getfilter,944,0,521
1662375783121,837,https://q7y8ibn334.execute-api.us-east-1.amazonaws.com/prodlive/getfilter,200,OK,Thread Group 1-7,text,true,,613,2150,9,9,https://q7y8ibn334.execute-api.us-east-1.amazonaws.com/prodlive/getfilter,837,0,0
1662375783680,838,https://q7y8ibn334.execute-api.us-east-1.amazonaws.com/prodlive/getfilter,200,OK,Thread Group 1-8,text,true,,613,2150,9,9,https://q7y8ibn334.execute-api.us-east-1.amazonaws.com/prodlive/getfilter,838,0,0
1662375783735,1362,https://q7y8ibn334.execute-api.us-east-1.amazonaws.com/prodlive/getfilter,200,OK,Thread Group 1-9,text,true,,613,2147,10,10,https://q7y8ibn334.execute-api.us-east-1.amazonaws.com/prodlive/getfilter,1362,0,531
1662375785098,839,https://q7y8ibn334.execute-api.us-east-1.amazonaws.com/prodlive/getfilter,200,OK,Thread Group 1-9,text,true,,613,2150,10,10,https://q7y8ibn334.execute-api.us-east-1.amazonaws.com/prodlive/getfilter,839,0,0
1662375784738,1422,https://q7y8ibn334.execute-api.us-east-1.amazonaws.com/prodlive/getfilter,200,OK,Thread Group 1-10,text,true,,613,2147,10,10,https://q7y8ibn334.execute-api.us-east-1.amazonaws.com/prodlive/getfilter,1422,0,570
1662375786161,1003,https://q7y8ibn334.execute-api.us-east-1.amazonaws.com/prodlive/getfilter,200,OK,Thread Group 1-10,text,true,,613,2150,10,10,https://q7y8ibn334.execute-api.us-east-1.amazonaws.com/prodlive/getfilter,1003,0,0
1662375779021,30162,https://lmwtjcb3tnhrjl6tbksnm74t44.appsync-api.us-east-1.amazonaws.com/graphql,200,OK,Thread Group 1-2,text,true,,526,2347,10,10,https://lmwtjcb3tnhrjl6tbksnm74t44.appsync-api.us-east-1.amazonaws.com/graphql,30162,0,528
1662375778901,30896,https://lmwtjcb3tnhrjl6tbksnm74t44.appsync-api.us-east-1.amazonaws.com/graphql,200,OK,Thread Group 1-1,text,true,,526,2347,10,10,https://lmwtjcb3tnhrjl6tbksnm74t44.appsync-api.us-east-1.amazonaws.com/graphql,30896,0,661
1662375809183,965,https://lmwtjcb3tnhrjl6tbksnm74t44.appsync-api.us-east-1.amazonaws.com/graphql,200,OK,Thread Group 1-2,text,true,,7731,3270,10,10,https://lmwtjcb3tnhrjl6tbksnm74t44.appsync-api.us-east-1.amazonaws.com/graphql,965,0,0
1662375809796,906,https://lmwtjcb3tnhrjl6tbksnm74t44.appsync-api.us-east-1.amazonaws.com/graphql,200,OK,Thread Group 1-1,text,true,,7731,3270,10,10,https://lmwtjcb3tnhrjl6tbksnm74t44.appsync-api.us-east-1.amazonaws.com/graphql,901,0,0
1662375810154,987,https://lmwtjcb3tnhrjl6tbksnm74t44.appsync-api.us-east-1.amazonaws.com/graphql,200,OK,Thread Group 1-2,text,true,,592,1757,10,10,https://lmwtjcb3tnhrjl6tbksnm74t44.appsync-api.us-east-1.amazonaws.com/graphql,987,0,0
1662375779960,31412,https://lmwtjcb3tnhrjl6tbksnm74t44.appsync-api.us-east-1.amazonaws.com/graphql,200,OK,Thread Group 1-3,text,true,,667,2347,10,10,https://lmwtjcb3tnhrjl6tbksnm74t44.appsync-api.us-east-1.amazonaws.com/graphql,31412,0,573
1662375810703,1017,https://lmwtjcb3tnhrjl6tbksnm74t44.appsync-api.us-east-1.amazonaws.com/graphql,200,OK,Thread Group 1-1,text,true,,592,1757,10,10,https://lmwtjcb3tnhrjl6tbksnm74t44.appsync-api.us-east-1.amazonaws.com/graphql,1017,0,0
1662375811372,561,https://lmwtjcb3tnhrjl6tbksnm74t44.appsync-api.us-east-1.amazonaws.com/graphql,200,OK,Thread Group 1-3,text,true,,7731,3270,10,10,https://lmwtjcb3tnhrjl6tbksnm74t44.appsync-api.us-east-1.amazonaws.com/graphql,561,0,0
1662375811143,868,https://q7y8ibn334.execute-api.us-east-1.amazonaws.com/prodlive/getfilter,200,OK,Thread Group 1-2,text,true,,613,2150,10,10,https://q7y8ibn334.execute-api.us-east-1.amazonaws.com/prodlive/getfilter,868,0,0
1662375780939,31406,https://lmwtjcb3tnhrjl6tbksnm74t44.appsync-api.us-east-1.amazonaws.com/graphql,200,OK,Thread Group 1-4,text,true,,667,2347,10,10,https://lmwtjcb3tnhrjl6tbksnm74t44.appsync-api.us-east-1.amazonaws.com/graphql,31406,0,538
1662375811720,864,https://q7y8ibn334.execute-api.us-east-1.amazonaws.com/prodlive/getfilter,200,OK,Thread Group 1-1,text,true,,613,2150,10,10,https://q7y8ibn334.execute-api.us-east-1.amazonaws.com/prodlive/getfilter,864,0,0
1662375811934,945,https://lmwtjcb3tnhrjl6tbksnm74t44.appsync-api.us-east-1.amazonaws.com/graphql,200,OK,Thread Group 1-3,text,true,,592,1757,10,10,https://lmwtjcb3tnhrjl6tbksnm74t44.appsync-api.us-east-1.amazonaws.com/graphql,945,0,0
1662375812011,886,https://lmwtjcb3tnhrjl6tbksnm74t44.appsync-api.us-east-1.amazonaws.com/graphql,200,OK,Thread Group 1-2,text,true,,3179,4624,10,10,https://lmwtjcb3tnhrjl6tbksnm74t44.appsync-api.us-east-1.amazonaws.com/graphql,886,0,0
1662375812345,909,https://lmwtjcb3tnhrjl6tbksnm74t44.appsync-api.us-east-1.amazonaws.com/graphql,200,OK,Thread Group 1-4,text,true,,7731,3270,10,10,https://lmwtjcb3tnhrjl6tbksnm74t44.appsync-api.us-east-1.amazonaws.com/graphql,909,0,0
1662375781945,31383,https://lmwtjcb3tnhrjl6tbksnm74t44.appsync-api.us-east-1.amazonaws.com/graphql,200,OK,Thread Group 1-5,text,true,,667,2347,10,10,https://lmwtjcb3tnhrjl6tbksnm74t44.appsync-api.us-east-1.amazonaws.com/graphql,31383,0,536
1662375812585,879,https://lmwtjcb3tnhrjl6tbksnm74t44.appsync-api.us-east-1.amazonaws.com/graphql,200,OK,Thread Group 1-1,text,true,,3179,4624,10,10,https://lmwtjcb3tnhrjl6tbksnm74t44.appsync-api.us-east-1.amazonaws.com/graphql,879,0,0
1662375812880,855,https://q7y8ibn334.execute-api.us-east-1.amazonaws.com/prodlive/getfilter,200,OK,Thread Group 1-3,text,true,,613,2150,10,10,https://q7y8ibn334.execute-api.us-east-1.amazonaws.com/prodlive/getfilter,855,0,0
1662375812897,942,https://lmwtjcb3tnhrjl6tbksnm74t44.appsync-api.us-east-1.amazonaws.com/graphql,200,OK,Thread Group 1-2,text,true,,4432,7200,10,10,https://lmwtjcb3tnhrjl6tbksnm74t44.appsync-api.us-east-1.amazonaws.com/graphql,940,0,0
1662375813255,925,https://lmwtjcb3tnhrjl6tbksnm74t44.appsync-api.us-east-1.amazonaws.com/graphql,200,OK,Thread Group 1-4,text,true,,592,1757,10,10,https://lmwtjcb3tnhrjl6tbksnm74t44.appsync-api.us-east-1.amazonaws.com/graphql,924,0,0
1662375813328,879,https://lmwtjcb3tnhrjl6tbksnm74t44.appsync-api.us-east-1.amazonaws.com/graphql,200,OK,Thread Group 1-5,text,true,,7731,3270,10,10,https://lmwtjcb3tnhrjl6tbksnm74t44.appsync-api.us-east-1.amazonaws.com/graphql,874,0,0
1662375782963,31366,https://lmwtjcb3tnhrjl6tbksnm74t44.appsync-api.us-east-1.amazonaws.com/graphql,200,OK,Thread Group 1-6,text,true,,667,2347,10,10,https://lmwtjcb3tnhrjl6tbksnm74t44.appsync-api.us-east-1.amazonaws.com/graphql,31366,0,527
1662375813465,948,https://lmwtjcb3tnhrjl6tbksnm74t44.appsync-api.us-east-1.amazonaws.com/graphql,200,OK,Thread Group 1-1,text,true,,4432,7200,10,10,https://lmwtjcb3tnhrjl6tbksnm74t44.appsync-api.us-east-1.amazonaws.com/graphql,946,0,0
1662375813736,911,https://lmwtjcb3tnhrjl6tbksnm74t44.appsync-api.us-east-1.amazonaws.com/graphql,200,OK,Thread Group 1-3,text,true,,3179,4624,10,10,https://lmwtjcb3tnhrjl6tbksnm74t44.appsync-api.us-east-1.amazonaws.com/graphql,911,0,0
1662375814180,835,https://q7y8ibn334.execute-api.us-east-1.amazonaws.com/prodlive/getfilter,200,OK,Thread Group 1-4,text,true,,613,2150,10,10,https://q7y8ibn334.execute-api.us-east-1.amazonaws.com/prodlive/getfilter,835,0,0
1662375814207,917,https://lmwtjcb3tnhrjl6tbksnm74t44.appsync-api.us-east-1.amazonaws.com/graphql,200,OK,Thread Group 1-5,text,true,,592,1757,10,10,https://lmwtjcb3tnhrjl6tbksnm74t44.appsync-api.us-east-1.amazonaws.com/graphql,917,0,0
1662375813841,1370,https://lmwtjcb3tnhrjl6tbksnm74t44.appsync-api.us-east-1.amazonaws.com/graphql,200,OK,Thread Group 1-2,text,true,,2361,2354,10,10,https://lmwtjcb3tnhrjl6tbksnm74t44.appsync-api.us-east-1.amazonaws.com/graphql,1369,0,0
1662375814329,1027,https://lmwtjcb3tnhrjl6tbksnm74t44.appsync-api.us-east-1.amazonaws.com/graphql,200,OK,Thread Group 1-6,text,true,,7731,3270,10,10,https://lmwtjcb3tnhrjl6tbksnm74t44.appsync-api.us-east-1.amazonaws.com/graphql,1022,0,0
1662375783960,31457,https://lmwtjcb3tnhrjl6tbksnm74t44.appsync-api.us-east-1.amazonaws.com/graphql,200,OK,Thread Group 1-7,text,true,,669,2347,10,10,https://lmwtjcb3tnhrjl6tbksnm74t44.appsync-api.us-east-1.amazonaws.com/graphql,31457,0,524
1662375815017,443,https://lmwtjcb3tnhrjl6tbksnm74t44.appsync-api.us-east-1.amazonaws.com/graphql,200,OK,Thread Group 1-4,text,true,,3179,4624,10,10,https://lmwtjcb3tnhrjl6tbksnm74t44.appsync-api.us-east-1.amazonaws.com/graphql,443,0,0
1662375814647,897,https://lmwtjcb3tnhrjl6tbksnm74t44.appsync-api.us-east-1.amazonaws.com/graphql,200,OK,Thread Group 1-3,text,true,,4432,7200,10,10,https://lmwtjcb3tnhrjl6tbksnm74t44.appsync-api.us-east-1.amazonaws.com/graphql,895,0,0
1662375814413,1136,https://lmwtjcb3tnhrjl6tbksnm74t44.appsync-api.us-east-1.amazonaws.com/graphql,200,OK,Thread Group 1-1,text,true,,2361,2354,10,10,https://lmwtjcb3tnhrjl6tbksnm74t44.appsync-api.us-east-1.amazonaws.com/graphql,1136,0,0
1662375784522,31389,https://lmwtjcb3tnhrjl6tbksnm74t44.appsync-api.us-east-1.amazonaws.com/graphql,200,OK,Thread Group 1-8,text,true,,667,2347,10,10,https://lmwtjcb3tnhrjl6tbksnm74t44.appsync-api.us-east-1.amazonaws.com/graphql,31389,0,531
1662375815461,517,https://lmwtjcb3tnhrjl6tbksnm74t44.appsync-api.us-east-1.amazonaws.com/graphql,200,OK,Thread Group 1-4,text,true,,4432,7200,10,10,https://lmwtjcb3tnhrjl6tbksnm74t44.appsync-api.us-east-1.amazonaws.com/graphql,517,0,0
1662375815125,871,https://q7y8ibn334.execute-api.us-east-1.amazonaws.com/prodlive/getfilter,200,OK,Thread Group 1-5,text,true,,613,2150,10,10,https://q7y8ibn334.execute-api.us-east-1.amazonaws.com/prodlive/getfilter,871,0,0
1662375815416,877,https://lmwtjcb3tnhrjl6tbksnm74t44.appsync-api.us-east-1.amazonaws.com/graphql,200,OK,Thread Group 1-7,text,true,,7731,3270,10,10,https://lmwtjcb3tnhrjl6tbksnm74t44.appsync-api.us-east-1.amazonaws.com/graphql,872,0,0
1662375815211,1120,https://lmwtjcb3tnhrjl6tbksnm74t44.appsync-api.us-east-1.amazonaws.com/graphql,200,OK,Thread Group 1-2,text,true,,2361,2354,10,10,https://lmwtjcb3tnhrjl6tbksnm74t44.appsync-api.us-east-1.amazonaws.com/graphql,1120,0,0
1662375815357,1020,https://lmwtjcb3tnhrjl6tbksnm74t44.appsync-api.us-east-1.amazonaws.com/graphql,200,OK,Thread Group 1-6,text,true,,592,1757,10,10,https://lmwtjcb3tnhrjl6tbksnm74t44.appsync-api.us-east-1.amazonaws.com/graphql,1020,0,0
1662375815545,1127,https://lmwtjcb3tnhrjl6tbksnm74t44.appsync-api.us-east-1.amazonaws.com/graphql,200,OK,Thread Group 1-3,text,true,,2361,2354,10,10,https://lmwtjcb3tnhrjl6tbksnm74t44.appsync-api.us-east-1.amazonaws.com/graphql,1127,0,0
1662375815550,1140,https://lmwtjcb3tnhrjl6tbksnm74t44.appsync-api.us-east-1.amazonaws.com/graphql,200,OK,Thread Group 1-1,text,true,,2361,2354,10,10,https://lmwtjcb3tnhrjl6tbksnm74t44.appsync-api.us-east-1.amazonaws.com/graphql,1140,0,0
1662375815911,899,https://lmwtjcb3tnhrjl6tbksnm74t44.appsync-api.us-east-1.amazonaws.com/graphql,200,OK,Thread Group 1-8,text,true,,7731,3270,10,10,https://lmwtjcb3tnhrjl6tbksnm74t44.appsync-api.us-east-1.amazonaws.com/graphql,899,0,0
1662375815997,1091,https://lmwtjcb3tnhrjl6tbksnm74t44.appsync-api.us-east-1.amazonaws.com/graphql,200,OK,Thread Group 1-5,text,true,,3179,4624,10,10,https://lmwtjcb3tnhrjl6tbksnm74t44.appsync-api.us-east-1.amazonaws.com/graphql,1090,0,0
1662375816691,431,https://lmwtjcb3tnhrjl6tbksnm74t44.appsync-api.us-east-1.amazonaws.com/graphql,200,OK,Thread Group 1-1,text,true,,502,1786,10,10,https://lmwtjcb3tnhrjl6tbksnm74t44.appsync-api.us-east-1.amazonaws.com/graphql,431,0,0
1662375815980,1172,https://lmwtjcb3tnhrjl6tbksnm74t44.appsync-api.us-east-1.amazonaws.com/graphql,200,OK,Thread Group 1-4,text,true,,2361,2354,10,10,https://lmwtjcb3tnhrjl6tbksnm74t44.appsync-api.us-east-1.amazonaws.com/graphql,1172,0,0
1662375816334,848,https://lmwtjcb3tnhrjl6tbksnm74t44.appsync-api.us-east-1.amazonaws.com/graphql,200,OK,Thread Group 1-2,text,true,,502,1786,10,10,https://lmwtjcb3tnhrjl6tbksnm74t44.appsync-api.us-east-1.amazonaws.com/graphql,848,0,0
1662375816378,863,https://q7y8ibn334.execute-api.us-east-1.amazonaws.com/prodlive/getfilter,200,OK,Thread Group 1-6,text,true,,613,2150,10,10,https://q7y8ibn334.execute-api.us-east-1.amazonaws.com/prodlive/getfilter,863,0,0
1662375816295,1003,https://lmwtjcb3tnhrjl6tbksnm74t44.appsync-api.us-east-1.amazonaws.com/graphql,200,OK,Thread Group 1-7,text,true,,592,1757,10,10,https://lmwtjcb3tnhrjl6tbksnm74t44.appsync-api.us-east-1.amazonaws.com/graphql,1003,0,0
1662375785940,31367,https://lmwtjcb3tnhrjl6tbksnm74t44.appsync-api.us-east-1.amazonaws.com/graphql,200,OK,Thread Group 1-9,text,true,,667,2347,10,10,https://lmwtjcb3tnhrjl6tbksnm74t44.appsync-api.us-east-1.amazonaws.com/graphql,31367,0,526
1662375817123,466,https://lmwtjcb3tnhrjl6tbksnm74t44.appsync-api.us-east-1.amazonaws.com/graphql,200,OK,Thread Group 1-1,text,true,,3242,2865,10,10,https://lmwtjcb3tnhrjl6tbksnm74t44.appsync-api.us-east-1.amazonaws.com/graphql,466,0,0
1662375816811,926,https://lmwtjcb3tnhrjl6tbksnm74t44.appsync-api.us-east-1.amazonaws.com/graphql,200,OK,Thread Group 1-8,text,true,,592,1757,10,10,https://lmwtjcb3tnhrjl6tbksnm74t44.appsync-api.us-east-1.amazonaws.com/graphql,926,0,0
1662375817299,450,https://q7y8ibn334.execute-api.us-east-1.amazonaws.com/prodlive/getfilter,200,OK,Thread Group 1-7,text,true,,613,2150,10,10,https://q7y8ibn334.execute-api.us-east-1.amazonaws.com/prodlive/getfilter,450,0,0
1662375816673,1077,https://lmwtjcb3tnhrjl6tbksnm74t44.appsync-api.us-east-1.amazonaws.com/graphql,200,OK,Thread Group 1-3,text,true,,2361,2354,10,10,https://lmwtjcb3tnhrjl6tbksnm74t44.appsync-api.us-east-1.amazonaws.com/graphql,1077,0,0
1662375817307,471,https://lmwtjcb3tnhrjl6tbksnm74t44.appsync-api.us-east-1.amazonaws.com/graphql,200,OK,Thread Group 1-9,text,true,,7731,3270,10,10,https://lmwtjcb3tnhrjl6tbksnm74t44.appsync-api.us-east-1.amazonaws.com/graphql,471,0,0
1662375817183,859,https://lmwtjcb3tnhrjl6tbksnm74t44.appsync-api.us-east-1.amazonaws.com/graphql,200,OK,Thread Group 1-2,text,true,,3242,2865,10,10,https://lmwtjcb3tnhrjl6tbksnm74t44.appsync-api.us-east-1.amazonaws.com/graphql,858,0,0
1662375817242,888,https://lmwtjcb3tnhrjl6tbksnm74t44.appsync-api.us-east-1.amazonaws.com/graphql,200,OK,Thread Group 1-6,text,true,,3179,4624,10,10,https://lmwtjcb3tnhrjl6tbksnm74t44.appsync-api.us-east-1.amazonaws.com/graphql,888,0,0
1662375817739,473,https://q7y8ibn334.execute-api.us-east-1.amazonaws.com/prodlive/getfilter,200,OK,Thread Group 1-8,text,true,,613,2150,10,10,https://q7y8ibn334.execute-api.us-east-1.amazonaws.com/prodlive/getfilter,473,0,0
1662375817153,1081,https://lmwtjcb3tnhrjl6tbksnm74t44.appsync-api.us-east-1.amazonaws.com/graphql,200,OK,Thread Group 1-4,text,true,,2361,2354,10,10,https://lmwtjcb3tnhrjl6tbksnm74t44.appsync-api.us-east-1.amazonaws.com/graphql,1081,0,0
1662375817089,1248,https://lmwtjcb3tnhrjl6tbksnm74t44.appsync-api.us-east-1.amazonaws.com/graphql,200,OK,Thread Group 1-5,text,true,,4432,7200,10,10,https://lmwtjcb3tnhrjl6tbksnm74t44.appsync-api.us-east-1.amazonaws.com/graphql,1246,0,0
1662375817591,843,https://lmwtjcb3tnhrjl6tbksnm74t44.appsync-api.us-east-1.amazonaws.com/graphql,200,OK,Thread Group 1-1,text,true,,489,3334,10,10,https://lmwtjcb3tnhrjl6tbksnm74t44.appsync-api.us-east-1.amazonaws.com/graphql,843,0,0
1662375787166,31389,https://lmwtjcb3tnhrjl6tbksnm74t44.appsync-api.us-east-1.amazonaws.com/graphql,200,OK,Thread Group 1-10,text,true,,667,2347,10,10,https://lmwtjcb3tnhrjl6tbksnm74t44.appsync-api.us-east-1.amazonaws.com/graphql,31389,0,534
1662375817751,852,https://lmwtjcb3tnhrjl6tbksnm74t44.appsync-api.us-east-1.amazonaws.com/graphql,200,OK,Thread Group 1-3,text,true,,502,1786,10,10,https://lmwtjcb3tnhrjl6tbksnm74t44.appsync-api.us-east-1.amazonaws.com/graphql,852,0,0
1662375817750,884,https://lmwtjcb3tnhrjl6tbksnm74t44.appsync-api.us-east-1.amazonaws.com/graphql,200,OK,Thread Group 1-7,text,true,,3179,4624,10,10,https://lmwtjcb3tnhrjl6tbksnm74t44.appsync-api.us-east-1.amazonaws.com/graphql,884,0,0
1662375817779,899,https://lmwtjcb3tnhrjl6tbksnm74t44.appsync-api.us-east-1.amazonaws.com/graphql,200,OK,Thread Group 1-9,text,true,,592,1757,10,10,https://lmwtjcb3tnhrjl6tbksnm74t44.appsync-api.us-east-1.amazonaws.com/graphql,899,0,0
1662375818212,481,https://lmwtjcb3tnhrjl6tbksnm74t44.appsync-api.us-east-1.amazonaws.com/graphql,200,OK,Thread Group 1-8,text,true,,3179,4624,10,10,https://lmwtjcb3tnhrjl6tbksnm74t44.appsync-api.us-east-1.amazonaws.com/graphql,479,0,0
1662375818043,854,https://lmwtjcb3tnhrjl6tbksnm74t44.appsync-api.us-east-1.amazonaws.com/graphql,200,OK,Thread Group 1-2,text,true,,489,3334,10,10,https://lmwtjcb3tnhrjl6tbksnm74t44.appsync-api.us-east-1.amazonaws.com/graphql,854,0,0
1662375818434,469,https://lmwtjcb3tnhrjl6tbksnm74t44.appsync-api.us-east-1.amazonaws.com/graphql,200,OK,Thread Group 1-1,text,true,,5068,3280,10,10,https://lmwtjcb3tnhrjl6tbksnm74t44.appsync-api.us-east-1.amazonaws.com/graphql,469,0,0
1662375818556,491,https://lmwtjcb3tnhrjl6tbksnm74t44.appsync-api.us-east-1.amazonaws.com/graphql,200,OK,Thread Group 1-10,text,true,,7731,3270,10,10,https://lmwtjcb3tnhrjl6tbksnm74t44.appsync-api.us-east-1.amazonaws.com/graphql,491,0,0
1662375818338,715,https://lmwtjcb3tnhrjl6tbksnm74t44.appsync-api.us-east-1.amazonaws.com/graphql,200,OK,Thread Group 1-5,text,true,,2362,2354,10,10,https://lmwtjcb3tnhrjl6tbksnm74t44.appsync-api.us-east-1.amazonaws.com/graphql,715,0,0
1662375818235,850,https://lmwtjcb3tnhrjl6tbksnm74t44.appsync-api.us-east-1.amazonaws.com/graphql,200,OK,Thread Group 1-4,text,true,,502,1786,10,10,https://lmwtjcb3tnhrjl6tbksnm74t44.appsync-api.us-east-1.amazonaws.com/graphql,850,0,0
1662375818634,485,https://lmwtjcb3tnhrjl6tbksnm74t44.appsync-api.us-east-1.amazonaws.com/graphql,200,OK,Thread Group 1-7,text,true,,4432,7200,10,10,https://lmwtjcb3tnhrjl6tbksnm74t44.appsync-api.us-east-1.amazonaws.com/graphql,484,0,0
1662375818131,1244,https://lmwtjcb3tnhrjl6tbksnm74t44.appsync-api.us-east-1.amazonaws.com/graphql,200,OK,Thread Group 1-6,text,true,,4432,7200,10,10,https://lmwtjcb3tnhrjl6tbksnm74t44.appsync-api.us-east-1.amazonaws.com/graphql,1242,0,0
1662375818603,907,https://lmwtjcb3tnhrjl6tbksnm74t44.appsync-api.us-east-1.amazonaws.com/graphql,200,OK,Thread Group 1-3,text,true,,3242,2865,10,10,https://lmwtjcb3tnhrjl6tbksnm74t44.appsync-api.us-east-1.amazonaws.com/graphql,907,0,0
1662375818679,851,https://q7y8ibn334.execute-api.us-east-1.amazonaws.com/prodlive/getfilter,200,OK,Thread Group 1-9,text,true,,613,2150,10,10,https://q7y8ibn334.execute-api.us-east-1.amazonaws.com/prodlive/getfilter,851,0,0
1662375819086,453,https://lmwtjcb3tnhrjl6tbksnm74t44.appsync-api.us-east-1.amazonaws.com/graphql,200,OK,Thread Group 1-4,text,true,,3242,2865,10,10,https://lmwtjcb3tnhrjl6tbksnm74t44.appsync-api.us-east-1.amazonaws.com/graphql,453,0,0
1662375818694,919,https://lmwtjcb3tnhrjl6tbksnm74t44.appsync-api.us-east-1.amazonaws.com/graphql,200,OK,Thread Group 1-8,text,true,,4432,7200,10,10,https://lmwtjcb3tnhrjl6tbksnm74t44.appsync-api.us-east-1.amazonaws.com/graphql,919,0,0
1662375819054,666,https://lmwtjcb3tnhrjl6tbksnm74t44.appsync-api.us-east-1.amazonaws.com/graphql,200,OK,Thread Group 1-5,text,true,,2361,2354,10,10,https://lmwtjcb3tnhrjl6tbksnm74t44.appsync-api.us-east-1.amazonaws.com/graphql,665,0,0
1662375818898,915,https://lmwtjcb3tnhrjl6tbksnm74t44.appsync-api.us-east-1.amazonaws.com/graphql,200,OK,Thread Group 1-2,text,true,,5068,3280,10,10,https://lmwtjcb3tnhrjl6tbksnm74t44.appsync-api.us-east-1.amazonaws.com/graphql,913,0,0
1662375819048,890,https://lmwtjcb3tnhrjl6tbksnm74t44.appsync-api.us-east-1.amazonaws.com/graphql,200,OK,Thread Group 1-10,text,true,,592,1757,10,10,https://lmwtjcb3tnhrjl6tbksnm74t44.appsync-api.us-east-1.amazonaws.com/graphql,890,0,0
1662375818904,1056,https://lmwtjcb3tnhrjl6tbksnm74t44.appsync-api.us-east-1.amazonaws.com/graphql,200,OK,Thread Group 1-1,text,true,,608,1801,10,10,https://lmwtjcb3tnhrjl6tbksnm74t44.appsync-api.us-east-1.amazonaws.com/graphql,1056,0,0
1662375819375,650,https://lmwtjcb3tnhrjl6tbksnm74t44.appsync-api.us-east-1.amazonaws.com/graphql,200,OK,Thread Group 1-6,text,true,,2361,2354,10,10,https://lmwtjcb3tnhrjl6tbksnm74t44.appsync-api.us-east-1.amazonaws.com/graphql,650,0,0
1662375819613,717,https://lmwtjcb3tnhrjl6tbksnm74t44.appsync-api.us-east-1.amazonaws.com/graphql,200,OK,Thread Group 1-8,text,true,,2361,2354,10,10,https://lmwtjcb3tnhrjl6tbksnm74t44.appsync-api.us-east-1.amazonaws.com/graphql,717,0,0
1662375819511,871,https://lmwtjcb3tnhrjl6tbksnm74t44.appsync-api.us-east-1.amazonaws.com/graphql,200,OK,Thread Group 1-3,text,true,,489,3334,10,10,https://lmwtjcb3tnhrjl6tbksnm74t44.appsync-api.us-east-1.amazonaws.com/graphql,871,0,0
1662375819540,853,https://lmwtjcb3tnhrjl6tbksnm74t44.appsync-api.us-east-1.amazonaws.com/graphql,200,OK,Thread Group 1-4,text,true,,489,3334,10,10,https://lmwtjcb3tnhrjl6tbksnm74t44.appsync-api.us-east-1.amazonaws.com/graphql,853,0,0
1662375819531,892,https://lmwtjcb3tnhrjl6tbksnm74t44.appsync-api.us-east-1.amazonaws.com/graphql,200,OK,Thread Group 1-9,text,true,,3179,4624,10,10,https://lmwtjcb3tnhrjl6tbksnm74t44.appsync-api.us-east-1.amazonaws.com/graphql,892,0,0
1662375819720,842,https://lmwtjcb3tnhrjl6tbksnm74t44.appsync-api.us-east-1.amazonaws.com/graphql,200,OK,Thread Group 1-5,text,true,,502,1786,10,10,https://lmwtjcb3tnhrjl6tbksnm74t44.appsync-api.us-east-1.amazonaws.com/graphql,842,0,0
1662375819120,1474,https://lmwtjcb3tnhrjl6tbksnm74t44.appsync-api.us-east-1.amazonaws.com/graphql,200,OK,Thread Group 1-7,text,true,,2361,2354,10,10,https://lmwtjcb3tnhrjl6tbksnm74t44.appsync-api.us-east-1.amazonaws.com/graphql,1474,0,0
1662375819814,833,https://lmwtjcb3tnhrjl6tbksnm74t44.appsync-api.us-east-1.amazonaws.com/graphql,200,OK,Thread Group 1-2,text,true,,608,1801,10,10,https://lmwtjcb3tnhrjl6tbksnm74t44.appsync-api.us-east-1.amazonaws.com/graphql,833,0,0
1662375820026,742,https://lmwtjcb3tnhrjl6tbksnm74t44.appsync-api.us-east-1.amazonaws.com/graphql,200,OK,Thread Group 1-6,text,true,,2361,2354,10,10,https://lmwtjcb3tnhrjl6tbksnm74t44.appsync-api.us-east-1.amazonaws.com/graphql,742,0,0
1662375819960,848,https://lmwtjcb3tnhrjl6tbksnm74t44.appsync-api.us-east-1.amazonaws.com/graphql,200,OK,Thread Group 1-1,text,true,,528,1760,10,10,https://lmwtjcb3tnhrjl6tbksnm74t44.appsync-api.us-east-1.amazonaws.com/graphql,848,0,0
1662375819938,875,https://q7y8ibn334.execute-api.us-east-1.amazonaws.com/prodlive/getfilter,200,OK,Thread Group 1-10,text,true,,613,2150,10,10,https://q7y8ibn334.execute-api.us-east-1.amazonaws.com/prodlive/getfilter,875,0,0
1662375820394,483,https://lmwtjcb3tnhrjl6tbksnm74t44.appsync-api.us-east-1.amazonaws.com/graphql,200,OK,Thread Group 1-4,text,true,,5068,3280,10,10,https://lmwtjcb3tnhrjl6tbksnm74t44.appsync-api.us-east-1.amazonaws.com/graphql,483,0,0
1662375820382,546,https://lmwtjcb3tnhrjl6tbksnm74t44.appsync-api.us-east-1.amazonaws.com/graphql,200,OK,Thread Group 1-3,text,true,,5068,3280,10,10,https://lmwtjcb3tnhrjl6tbksnm74t44.appsync-api.us-east-1.amazonaws.com/graphql,546,0,0
1662375820562,454,https://lmwtjcb3tnhrjl6tbksnm74t44.appsync-api.us-east-1.amazonaws.com/graphql,200,OK,Thread Group 1-5,text,true,,3242,2865,10,10,https://lmwtjcb3tnhrjl6tbksnm74t44.appsync-api.us-east-1.amazonaws.com/graphql,453,0,0
1662375820330,697,https://lmwtjcb3tnhrjl6tbksnm74t44.appsync-api.us-east-1.amazonaws.com/graphql,200,OK,Thread Group 1-8,text,true,,2361,2354,10,10,https://lmwtjcb3tnhrjl6tbksnm74t44.appsync-api.us-east-1.amazonaws.com/graphql,697,0,0
1662375820648,408,https://lmwtjcb3tnhrjl6tbksnm74t44.appsync-api.us-east-1.amazonaws.com/graphql,200,OK,Thread Group 1-2,text,true,,528,1760,10,10,https://lmwtjcb3tnhrjl6tbksnm74t44.appsync-api.us-east-1.amazonaws.com/graphql,408,0,0
1662375820769,409,https://lmwtjcb3tnhrjl6tbksnm74t44.appsync-api.us-east-1.amazonaws.com/graphql,200,OK,Thread Group 1-6,text,true,,502,1786,10,10,https://lmwtjcb3tnhrjl6tbksnm74t44.appsync-api.us-east-1.amazonaws.com/graphql,409,0,0
1662375820813,448,https://lmwtjcb3tnhrjl6tbksnm74t44.appsync-api.us-east-1.amazonaws.com/graphql,200,OK,Thread Group 1-10,text,true,,3179,4624,10,10,https://lmwtjcb3tnhrjl6tbksnm74t44.appsync-api.us-east-1.amazonaws.com/graphql,446,0,0
1662375820928,416,https://lmwtjcb3tnhrjl6tbksnm74t44.appsync-api.us-east-1.amazonaws.com/graphql,200,OK,Thread Group 1-3,text,true,,608,1801,10,10,https://lmwtjcb3tnhrjl6tbksnm74t44.appsync-api.us-east-1.amazonaws.com/graphql,416,0,0
1662375821028,423,https://lmwtjcb3tnhrjl6tbksnm74t44.appsync-api.us-east-1.amazonaws.com/graphql,200,OK,Thread Group 1-8,text,true,,502,1786,10,10,https://lmwtjcb3tnhrjl6tbksnm74t44.appsync-api.us-east-1.amazonaws.com/graphql,423,0,0
1662375820425,1033,https://lmwtjcb3tnhrjl6tbksnm74t44.appsync-api.us-east-1.amazonaws.com/graphql,200,OK,Thread Group 1-9,text,true,,4432,7200,10,10,https://lmwtjcb3tnhrjl6tbksnm74t44.appsync-api.us-east-1.amazonaws.com/graphql,1032,0,0
1662375821057,585,https://lmwtjcb3tnhrjl6tbksnm74t44.appsync-api.us-east-1.amazonaws.com/graphql,200,OK,Thread Group 1-2,text,true,,1129,1795,10,10,https://lmwtjcb3tnhrjl6tbksnm74t44.appsync-api.us-east-1.amazonaws.com/graphql,585,0,0
1662375820877,836,https://lmwtjcb3tnhrjl6tbksnm74t44.appsync-api.us-east-1.amazonaws.com/graphql,200,OK,Thread Group 1-4,text,true,,608,1801,10,10,https://lmwtjcb3tnhrjl6tbksnm74t44.appsync-api.us-east-1.amazonaws.com/graphql,836,0,0
1662375820594,1181,https://lmwtjcb3tnhrjl6tbksnm74t44.appsync-api.us-east-1.amazonaws.com/graphql,200,OK,Thread Group 1-7,text,true,,2361,2354,10,10,https://lmwtjcb3tnhrjl6tbksnm74t44.appsync-api.us-east-1.amazonaws.com/graphql,1181,0,0
1662375821261,565,https://lmwtjcb3tnhrjl6tbksnm74t44.appsync-api.us-east-1.amazonaws.com/graphql,200,OK,Thread Group 1-10,text,true,,4432,7200,10,10,https://lmwtjcb3tnhrjl6tbksnm74t44.appsync-api.us-east-1.amazonaws.com/graphql,560,0,0
1662375821017,831,https://lmwtjcb3tnhrjl6tbksnm74t44.appsync-api.us-east-1.amazonaws.com/graphql,200,OK,Thread Group 1-5,text,true,,489,3334,10,10,https://lmwtjcb3tnhrjl6tbksnm74t44.appsync-api.us-east-1.amazonaws.com/graphql,831,0,0
1662375820808,1144,https://lmwtjcb3tnhrjl6tbksnm74t44.appsync-api.us-east-1.amazonaws.com/graphql,200,OK,Thread Group 1-1,text,true,,1129,1795,10,10,https://lmwtjcb3tnhrjl6tbksnm74t44.appsync-api.us-east-1.amazonaws.com/graphql,1144,0,0
1662375821642,432,https://q7y8ibn334.execute-api.us-east-1.amazonaws.com/prodlive/getfilter,200,OK,Thread Group 1-2,text,true,,613,2150,10,10,https://q7y8ibn334.execute-api.us-east-1.amazonaws.com/prodlive/getfilter,432,0,0
1662375821714,418,https://lmwtjcb3tnhrjl6tbksnm74t44.appsync-api.us-east-1.amazonaws.com/graphql,200,OK,Thread Group 1-4,text,true,,528,1760,10,10,https://lmwtjcb3tnhrjl6tbksnm74t44.appsync-api.us-east-1.amazonaws.com/graphql,418,0,0
1662375821345,855,https://lmwtjcb3tnhrjl6tbksnm74t44.appsync-api.us-east-1.amazonaws.com/graphql,200,OK,Thread Group 1-3,text,true,,528,1760,10,10,https://lmwtjcb3tnhrjl6tbksnm74t44.appsync-api.us-east-1.amazonaws.com/graphql,855,0,0
1662375821179,1084,https://lmwtjcb3tnhrjl6tbksnm74t44.appsync-api.us-east-1.amazonaws.com/graphql,200,OK,Thread Group 1-6,text,true,,3242,2865,10,10,https://lmwtjcb3tnhrjl6tbksnm74t44.appsync-api.us-east-1.amazonaws.com/graphql,1084,0,0
1662375821848,456,https://lmwtjcb3tnhrjl6tbksnm74t44.appsync-api.us-east-1.amazonaws.com/graphql,200,OK,Thread Group 1-5,text,true,,5068,3280,10,10,https://lmwtjcb3tnhrjl6tbksnm74t44.appsync-api.us-east-1.amazonaws.com/graphql,454,0,0
1662375821458,1050,https://lmwtjcb3tnhrjl6tbksnm74t44.appsync-api.us-east-1.amazonaws.com/graphql,200,OK,Thread Group 1-9,text,true,,2361,2354,10,10,https://lmwtjcb3tnhrjl6tbksnm74t44.appsync-api.us-east-1.amazonaws.com/graphql,1050,0,0
1662375821452,1084,https://lmwtjcb3tnhrjl6tbksnm74t44.appsync-api.us-east-1.amazonaws.com/graphql,200,OK,Thread Group 1-8,text,true,,3242,2865,10,10,https://lmwtjcb3tnhrjl6tbksnm74t44.appsync-api.us-east-1.amazonaws.com/graphql,1083,0,0
1662375821775,850,https://lmwtjcb3tnhrjl6tbksnm74t44.appsync-api.us-east-1.amazonaws.com/graphql,200,OK,Thread Group 1-7,text,true,,502,1786,10,10,https://lmwtjcb3tnhrjl6tbksnm74t44.appsync-api.us-east-1.amazonaws.com/graphql,850,0,0
1662375822264,422,https://lmwtjcb3tnhrjl6tbksnm74t44.appsync-api.us-east-1.amazonaws.com/graphql,200,OK,Thread Group 1-6,text,true,,489,3334,10,10,https://lmwtjcb3tnhrjl6tbksnm74t44.appsync-api.us-east-1.amazonaws.com/graphql,422,0,0
1662375821953,896,https://q7y8ibn334.execute-api.us-east-1.amazonaws.com/prodlive/getfilter,200,OK,Thread Group 1-1,text,true,,613,2150,10,10,https://q7y8ibn334.execute-api.us-east-1.amazonaws.com/prodlive/getfilter,896,0,0
1662375821828,1039,https://lmwtjcb3tnhrjl6tbksnm74t44.appsync-api.us-east-1.amazonaws.com/graphql,200,OK,Thread Group 1-10,text,true,,2361,2354,10,10,https://lmwtjcb3tnhrjl6tbksnm74t44.appsync-api.us-east-1.amazonaws.com/graphql,1039,0,0
1662375822536,410,https://lmwtjcb3tnhrjl6tbksnm74t44.appsync-api.us-east-1.amazonaws.com/graphql,200,OK,Thread Group 1-8,text,true,,489,3334,10,10,https://lmwtjcb3tnhrjl6tbksnm74t44.appsync-api.us-east-1.amazonaws.com/graphql,410,0,0
1662375822075,876,https://lmwtjcb3tnhrjl6tbksnm74t44.appsync-api.us-east-1.amazonaws.com/graphql,200,OK,Thread Group 1-2,text,true,,10101,1845,10,10,https://lmwtjcb3tnhrjl6tbksnm74t44.appsync-api.us-east-1.amazonaws.com/graphql,864,0,0
1662375822305,854,https://lmwtjcb3tnhrjl6tbksnm74t44.appsync-api.us-east-1.amazonaws.com/graphql,200,OK,Thread Group 1-5,text,true,,608,1801,10,10,https://lmwtjcb3tnhrjl6tbksnm74t44.appsync-api.us-east-1.amazonaws.com/graphql,854,0,0
1662375822686,490,https://lmwtjcb3tnhrjl6tbksnm74t44.appsync-api.us-east-1.amazonaws.com/graphql,200,OK,Thread Group 1-6,text,true,,5068,3280,10,10,https://lmwtjcb3tnhrjl6tbksnm74t44.appsync-api.us-east-1.amazonaws.com/graphql,490,0,0
1662375822133,1189,https://lmwtjcb3tnhrjl6tbksnm74t44.appsync-api.us-east-1.amazonaws.com/graphql,200,OK,Thread Group 1-4,text,true,,1129,1795,10,10,https://lmwtjcb3tnhrjl6tbksnm74t44.appsync-api.us-east-1.amazonaws.com/graphql,1189,0,0
1662375822202,1180,https://lmwtjcb3tnhrjl6tbksnm74t44.appsync-api.us-east-1.amazonaws.com/graphql,200,OK,Thread Group 1-3,text,true,,1129,1795,10,10,https://lmwtjcb3tnhrjl6tbksnm74t44.appsync-api.us-east-1.amazonaws.com/graphql,1180,0,0
1662375822625,863,https://lmwtjcb3tnhrjl6tbksnm74t44.appsync-api.us-east-1.amazonaws.com/graphql,200,OK,Thread Group 1-7,text,true,,3242,2865,10,10,https://lmwtjcb3tnhrjl6tbksnm74t44.appsync-api.us-east-1.amazonaws.com/graphql,863,0,0
1662375822947,564,https://lmwtjcb3tnhrjl6tbksnm74t44.appsync-api.us-east-1.amazonaws.com/graphql,200,OK,Thread Group 1-8,text,true,,5068,3280,10,10,https://lmwtjcb3tnhrjl6tbksnm74t44.appsync-api.us-east-1.amazonaws.com/graphql,562,0,0
1662375823160,415,https://lmwtjcb3tnhrjl6tbksnm74t44.appsync-api.us-east-1.amazonaws.com/graphql,200,OK,Thread Group 1-5,text,true,,528,1760,10,10,https://lmwtjcb3tnhrjl6tbksnm74t44.appsync-api.us-east-1.amazonaws.com/graphql,415,0,0
1662375822508,1100,https://lmwtjcb3tnhrjl6tbksnm74t44.appsync-api.us-east-1.amazonaws.com/graphql,200,OK,Thread Group 1-9,text,true,,2361,2354,10,10,https://lmwtjcb3tnhrjl6tbksnm74t44.appsync-api.us-east-1.amazonaws.com/graphql,1100,0,0
1662375822868,813,https://lmwtjcb3tnhrjl6tbksnm74t44.appsync-api.us-east-1.amazonaws.com/graphql,400,Bad Request,Thread Group 1-10,text,false,,635,2354,10,10,https://lmwtjcb3tnhrjl6tbksnm74t44.appsync-api.us-east-1.amazonaws.com/graphql,813,0,0
1662375822850,970,https://lmwtjcb3tnhrjl6tbksnm74t44.appsync-api.us-east-1.amazonaws.com/graphql,200,OK,Thread Group 1-1,text,true,,10101,1845,10,10,https://lmwtjcb3tnhrjl6tbksnm74t44.appsync-api.us-east-1.amazonaws.com/graphql,970,0,0
1662375823177,828,https://lmwtjcb3tnhrjl6tbksnm74t44.appsync-api.us-east-1.amazonaws.com/graphql,200,OK,Thread Group 1-6,text,true,,608,1801,10,10,https://lmwtjcb3tnhrjl6tbksnm74t44.appsync-api.us-east-1.amazonaws.com/graphql,828,0,0
1662375823323,866,https://q7y8ibn334.execute-api.us-east-1.amazonaws.com/prodlive/getfilter,200,OK,Thread Group 1-4,text,true,,613,2150,10,10,https://q7y8ibn334.execute-api.us-east-1.amazonaws.com/prodlive/getfilter,865,0,0
1662375822952,1240,https://lmwtjcb3tnhrjl6tbksnm74t44.appsync-api.us-east-1.amazonaws.com/graphql,200,OK,Thread Group 1-2,text,true,,474,1747,10,10,https://lmwtjcb3tnhrjl6tbksnm74t44.appsync-api.us-east-1.amazonaws.com/graphql,1240,0,0
1662375823383,846,https://q7y8ibn334.execute-api.us-east-1.amazonaws.com/prodlive/getfilter,200,OK,Thread Group 1-3,text,true,,613,2150,10,10,https://q7y8ibn334.execute-api.us-east-1.amazonaws.com/prodlive/getfilter,846,0,0
1662375823488,857,https://lmwtjcb3tnhrjl6tbksnm74t44.appsync-api.us-east-1.amazonaws.com/graphql,200,OK,Thread Group 1-7,text,true,,489,3334,10,10,https://lmwtjcb3tnhrjl6tbksnm74t44.appsync-api.us-east-1.amazonaws.com/graphql,857,0,0
1662375823609,843,https://lmwtjcb3tnhrjl6tbksnm74t44.appsync-api.us-east-1.amazonaws.com/graphql,200,OK,Thread Group 1-9,text,true,,502,1786,10,10,https://lmwtjcb3tnhrjl6tbksnm74t44.appsync-api.us-east-1.amazonaws.com/graphql,843,0,0
1662375823682,840,https://lmwtjcb3tnhrjl6tbksnm74t44.appsync-api.us-east-1.amazonaws.com/graphql,200,OK,Thread Group 1-10,text,true,,502,1786,10,10,https://lmwtjcb3tnhrjl6tbksnm74t44.appsync-api.us-east-1.amazonaws.com/graphql,840,0,0
1662375823512,1070,https://lmwtjcb3tnhrjl6tbksnm74t44.appsync-api.us-east-1.amazonaws.com/graphql,200,OK,Thread Group 1-8,text,true,,608,1801,10,10,https://lmwtjcb3tnhrjl6tbksnm74t44.appsync-api.us-east-1.amazonaws.com/graphql,1070,0,0
1662375824190,471,https://lmwtjcb3tnhrjl6tbksnm74t44.appsync-api.us-east-1.amazonaws.com/graphql,200,OK,Thread Group 1-4,text,true,,10101,1845,10,10,https://lmwtjcb3tnhrjl6tbksnm74t44.appsync-api.us-east-1.amazonaws.com/graphql,471,0,0
1662375823821,991,https://lmwtjcb3tnhrjl6tbksnm74t44.appsync-api.us-east-1.amazonaws.com/graphql,200,OK,Thread Group 1-1,text,true,,474,1747,10,10,https://lmwtjcb3tnhrjl6tbksnm74t44.appsync-api.us-east-1.amazonaws.com/graphql,991,0,0
1662375823576,1237,https://lmwtjcb3tnhrjl6tbksnm74t44.appsync-api.us-east-1.amazonaws.com/graphql,200,OK,Thread Group 1-5,text,true,,1129,1795,10,10,https://lmwtjcb3tnhrjl6tbksnm74t44.appsync-api.us-east-1.amazonaws.com/graphql,1237,0,0
1662375824346,489,https://lmwtjcb3tnhrjl6tbksnm74t44.appsync-api.us-east-1.amazonaws.com/graphql,200,OK,Thread Group 1-7,text,true,,5068,3280,10,10,https://lmwtjcb3tnhrjl6tbksnm74t44.appsync-api.us-east-1.amazonaws.com/graphql,488,0,0
1662375824452,431,https://lmwtjcb3tnhrjl6tbksnm74t44.appsync-api.us-east-1.amazonaws.com/graphql,200,OK,Thread Group 1-9,text,true,,3242,2865,10,10,https://lmwtjcb3tnhrjl6tbksnm74t44.appsync-api.us-east-1.amazonaws.com/graphql,431,0,0
1662375824582,401,https://lmwtjcb3tnhrjl6tbksnm74t44.appsync-api.us-east-1.amazonaws.com/graphql,200,OK,Thread Group 1-8,text,true,,528,1760,10,10,https://lmwtjcb3tnhrjl6tbksnm74t44.appsync-api.us-east-1.amazonaws.com/graphql,401,0,0
1662375824006,1041,https://lmwtjcb3tnhrjl6tbksnm74t44.appsync-api.us-east-1.amazonaws.com/graphql,200,OK,Thread Group 1-6,text,true,,528,1760,10,10,https://lmwtjcb3tnhrjl6tbksnm74t44.appsync-api.us-east-1.amazonaws.com/graphql,1041,0,0
1662375824229,895,https://lmwtjcb3tnhrjl6tbksnm74t44.appsync-api.us-east-1.amazonaws.com/graphql,200,OK,Thread Group 1-3,text,true,,10101,1845,10,10,https://lmwtjcb3tnhrjl6tbksnm74t44.appsync-api.us-east-1.amazonaws.com/graphql,894,0,0
1662375824835,411,https://lmwtjcb3tnhrjl6tbksnm74t44.appsync-api.us-east-1.amazonaws.com/graphql,200,OK,Thread Group 1-7,text,true,,608,1801,10,10,https://lmwtjcb3tnhrjl6tbksnm74t44.appsync-api.us-east-1.amazonaws.com/graphql,411,0,0
1662375824523,868,https://lmwtjcb3tnhrjl6tbksnm74t44.appsync-api.us-east-1.amazonaws.com/graphql,200,OK,Thread Group 1-10,text,true,,3242,2865,10,10,https://lmwtjcb3tnhrjl6tbksnm74t44.appsync-api.us-east-1.amazonaws.com/graphql,868,0,0
1662375824193,1313,https://lmwtjcb3tnhrjl6tbksnm74t44.appsync-api.us-east-1.amazonaws.com/graphql,200,OK,Thread Group 1-2,text,true,,4950,2392,10,10,https://lmwtjcb3tnhrjl6tbksnm74t44.appsync-api.us-east-1.amazonaws.com/graphql,1312,0,0
1662375824813,770,https://lmwtjcb3tnhrjl6tbksnm74t44.appsync-api.us-east-1.amazonaws.com/graphql,200,OK,Thread Group 1-1,text,true,,4950,2392,10,10,https://lmwtjcb3tnhrjl6tbksnm74t44.appsync-api.us-east-1.amazonaws.com/graphql,770,0,0
1662375824813,836,https://q7y8ibn334.execute-api.us-east-1.amazonaws.com/prodlive/getfilter,200,OK,Thread Group 1-5,text,true,,613,2150,10,10,https://q7y8ibn334.execute-api.us-east-1.amazonaws.com/prodlive/getfilter,836,0,0
1662375824661,1111,https://lmwtjcb3tnhrjl6tbksnm74t44.appsync-api.us-east-1.amazonaws.com/graphql,200,OK,Thread Group 1-4,text,true,,474,1747,10,10,https://lmwtjcb3tnhrjl6tbksnm74t44.appsync-api.us-east-1.amazonaws.com/graphql,1111,0,0
1662375824883,907,https://lmwtjcb3tnhrjl6tbksnm74t44.appsync-api.us-east-1.amazonaws.com/graphql,200,OK,Thread Group 1-9,text,true,,489,3334,10,10,https://lmwtjcb3tnhrjl6tbksnm74t44.appsync-api.us-east-1.amazonaws.com/graphql,907,0,0
1662375825124,930,https://lmwtjcb3tnhrjl6tbksnm74t44.appsync-api.us-east-1.amazonaws.com/graphql,200,OK,Thread Group 1-3,text,true,,474,1747,10,10,https://lmwtjcb3tnhrjl6tbksnm74t44.appsync-api.us-east-1.amazonaws.com/graphql,930,0,0
1662375825247,851,https://lmwtjcb3tnhrjl6tbksnm74t44.appsync-api.us-east-1.amazonaws.com/graphql,200,OK,Thread Group 1-7,text,true,,528,1760,10,10,https://lmwtjcb3tnhrjl6tbksnm74t44.appsync-api.us-east-1.amazonaws.com/graphql,851,0,0
1662375825650,448,https://lmwtjcb3tnhrjl6tbksnm74t44.appsync-api.us-east-1.amazonaws.com/graphql,200,OK,Thread Group 1-5,text,true,,10101,1845,10,10,https://lmwtjcb3tnhrjl6tbksnm74t44.appsync-api.us-east-1.amazonaws.com/graphql,448,0,0
1662375824984,1146,https://lmwtjcb3tnhrjl6tbksnm74t44.appsync-api.us-east-1.amazonaws.com/graphql,200,OK,Thread Group 1-8,text,true,,1129,1795,10,10,https://lmwtjcb3tnhrjl6tbksnm74t44.appsync-api.us-east-1.amazonaws.com/graphql,1146,0,0
1662375825048,1185,https://lmwtjcb3tnhrjl6tbksnm74t44.appsync-api.us-east-1.amazonaws.com/graphql,200,OK,Thread Group 1-6,text,true,,1129,1795,10,10,https://lmwtjcb3tnhrjl6tbksnm74t44.appsync-api.us-east-1.amazonaws.com/graphql,1185,0,0
1662375825392,878,https://lmwtjcb3tnhrjl6tbksnm74t44.appsync-api.us-east-1.amazonaws.com/graphql,200,OK,Thread Group 1-10,text,true,,489,3334,10,10,https://lmwtjcb3tnhrjl6tbksnm74t44.appsync-api.us-east-1.amazonaws.com/graphql,878,0,0
1662375825791,479,https://lmwtjcb3tnhrjl6tbksnm74t44.appsync-api.us-east-1.amazonaws.com/graphql,200,OK,Thread Group 1-9,text,true,,5068,3280,10,10,https://lmwtjcb3tnhrjl6tbksnm74t44.appsync-api.us-east-1.amazonaws.com/graphql,479,0,0
1662375825773,749,https://lmwtjcb3tnhrjl6tbksnm74t44.appsync-api.us-east-1.amazonaws.com/graphql,200,OK,Thread Group 1-4,text,true,,4927,2392,10,10,https://lmwtjcb3tnhrjl6tbksnm74t44.appsync-api.us-east-1.amazonaws.com/graphql,749,0,0
1662375826234,419,https://q7y8ibn334.execute-api.us-east-1.amazonaws.com/prodlive/getfilter,200,OK,Thread Group 1-6,text,true,,613,2150,10,10,https://q7y8ibn334.execute-api.us-east-1.amazonaws.com/prodlive/getfilter,419,0,0
1662375826271,535,https://lmwtjcb3tnhrjl6tbksnm74t44.appsync-api.us-east-1.amazonaws.com/graphql,200,OK,Thread Group 1-10,text,true,,5068,3280,10,10,https://lmwtjcb3tnhrjl6tbksnm74t44.appsync-api.us-east-1.amazonaws.com/graphql,535,0,0
1662375825584,1313,https://lmwtjcb3tnhrjl6tbksnm74t44.appsync-api.us-east-1.amazonaws.com/graphql,200,OK,Thread Group 1-1,text,true,,4950,2392,10,10,https://lmwtjcb3tnhrjl6tbksnm74t44.appsync-api.us-east-1.amazonaws.com/graphql,1313,0,0
1662375825507,1398,https://lmwtjcb3tnhrjl6tbksnm74t44.appsync-api.us-east-1.amazonaws.com/graphql,200,OK,Thread Group 1-2,text,true,,4950,2392,10,10,https://lmwtjcb3tnhrjl6tbksnm74t44.appsync-api.us-east-1.amazonaws.com/graphql,1398,0,0
1662375826131,839,https://q7y8ibn334.execute-api.us-east-1.amazonaws.com/prodlive/getfilter,200,OK,Thread Group 1-8,text,true,,613,2150,10,10,https://q7y8ibn334.execute-api.us-east-1.amazonaws.com/prodlive/getfilter,839,0,0
1662375826271,830,https://lmwtjcb3tnhrjl6tbksnm74t44.appsync-api.us-east-1.amazonaws.com/graphql,200,OK,Thread Group 1-9,text,true,,608,1801,10,10,https://lmwtjcb3tnhrjl6tbksnm74t44.appsync-api.us-east-1.amazonaws.com/graphql,830,0,0
1662375826099,1114,https://lmwtjcb3tnhrjl6tbksnm74t44.appsync-api.us-east-1.amazonaws.com/graphql,200,OK,Thread Group 1-5,text,true,,474,1747,10,10,https://lmwtjcb3tnhrjl6tbksnm74t44.appsync-api.us-east-1.amazonaws.com/graphql,1114,0,0
1662375826807,412,https://lmwtjcb3tnhrjl6tbksnm74t44.appsync-api.us-east-1.amazonaws.com/graphql,200,OK,Thread Group 1-10,text,true,,608,1801,10,10,https://lmwtjcb3tnhrjl6tbksnm74t44.appsync-api.us-east-1.amazonaws.com/graphql,412,0,0
1662375826098,1182,https://lmwtjcb3tnhrjl6tbksnm74t44.appsync-api.us-east-1.amazonaws.com/graphql,200,OK,Thread Group 1-7,text,true,,1129,1795,10,10,https://lmwtjcb3tnhrjl6tbksnm74t44.appsync-api.us-east-1.amazonaws.com/graphql,1182,0,0
1662375826654,885,https://lmwtjcb3tnhrjl6tbksnm74t44.appsync-api.us-east-1.amazonaws.com/graphql,200,OK,Thread Group 1-6,text,true,,10101,1845,10,10,https://lmwtjcb3tnhrjl6tbksnm74t44.appsync-api.us-east-1.amazonaws.com/graphql,884,0,0
1662375826898,840,https://lmwtjcb3tnhrjl6tbksnm74t44.appsync-api.us-east-1.amazonaws.com/graphql,200,OK,Thread Group 1-1,text,true,,2911,1811,10,10,https://lmwtjcb3tnhrjl6tbksnm74t44.appsync-api.us-east-1.amazonaws.com/graphql,839,0,0
1662375826970,873,https://lmwtjcb3tnhrjl6tbksnm74t44.appsync-api.us-east-1.amazonaws.com/graphql,200,OK,Thread Group 1-8,text,true,,10101,1845,10,10,https://lmwtjcb3tnhrjl6tbksnm74t44.appsync-api.us-east-1.amazonaws.com/graphql,873,0,0
1662375826523,1461,https://lmwtjcb3tnhrjl6tbksnm74t44.appsync-api.us-east-1.amazonaws.com/graphql,200,OK,Thread Group 1-4,text,true,,4927,2392,10,10,https://lmwtjcb3tnhrjl6tbksnm74t44.appsync-api.us-east-1.amazonaws.com/graphql,1461,0,0
1662375827281,835,https://q7y8ibn334.execute-api.us-east-1.amazonaws.com/prodlive/getfilter,200,OK,Thread Group 1-7,text,true,,613,2150,10,10,https://q7y8ibn334.execute-api.us-east-1.amazonaws.com/prodlive/getfilter,835,0,0
1662375827102,1042,https://lmwtjcb3tnhrjl6tbksnm74t44.appsync-api.us-east-1.amazonaws.com/graphql,200,OK,Thread Group 1-9,text,true,,528,1760,10,10,https://lmwtjcb3tnhrjl6tbksnm74t44.appsync-api.us-east-1.amazonaws.com/graphql,1042,0,0
1662375827220,1039,https://lmwtjcb3tnhrjl6tbksnm74t44.appsync-api.us-east-1.amazonaws.com/graphql,200,OK,Thread Group 1-10,text,true,,528,1760,10,10,https://lmwtjcb3tnhrjl6tbksnm74t44.appsync-api.us-east-1.amazonaws.com/graphql,1039,0,0
1662375826907,1402,https://lmwtjcb3tnhrjl6tbksnm74t44.appsync-api.us-east-1.amazonaws.com/graphql,200,OK,Thread Group 1-2,text,true,,2911,1811,10,10,https://lmwtjcb3tnhrjl6tbksnm74t44.appsync-api.us-east-1.amazonaws.com/graphql,1402,0,0
1662375827539,943,https://lmwtjcb3tnhrjl6tbksnm74t44.appsync-api.us-east-1.amazonaws.com/graphql,200,OK,Thread Group 1-6,text,true,,474,1747,10,10,https://lmwtjcb3tnhrjl6tbksnm74t44.appsync-api.us-east-1.amazonaws.com/graphql,943,0,0
1662375827214,1369,https://lmwtjcb3tnhrjl6tbksnm74t44.appsync-api.us-east-1.amazonaws.com/graphql,200,OK,Thread Group 1-5,text,true,,4927,2392,10,10,https://lmwtjcb3tnhrjl6tbksnm74t44.appsync-api.us-east-1.amazonaws.com/graphql,1369,0,0
1662375827843,908,https://lmwtjcb3tnhrjl6tbksnm74t44.appsync-api.us-east-1.amazonaws.com/graphql,200,OK,Thread Group 1-8,text,true,,474,1747,10,10,https://lmwtjcb3tnhrjl6tbksnm74t44.appsync-api.us-east-1.amazonaws.com/graphql,908,0,0
1662375827739,1266,https://lmwtjcb3tnhrjl6tbksnm74t44.appsync-api.us-east-1.amazonaws.com/graphql,200,OK,Thread Group 1-1,text,true,,1510,1814,10,10,https://lmwtjcb3tnhrjl6tbksnm74t44.appsync-api.us-east-1.amazonaws.com/graphql,1265,0,0
1662375828117,891,https://lmwtjcb3tnhrjl6tbksnm74t44.appsync-api.us-east-1.amazonaws.com/graphql,200,OK,Thread Group 1-7,text,true,,10101,1845,10,10,https://lmwtjcb3tnhrjl6tbksnm74t44.appsync-api.us-east-1.amazonaws.com/graphql,876,0,0
1662375828144,958,https://lmwtjcb3tnhrjl6tbksnm74t44.appsync-api.us-east-1.amazonaws.com/graphql,200,OK,Thread Group 1-9,text,true,,1129,1795,10,10,https://lmwtjcb3tnhrjl6tbksnm74t44.appsync-api.us-east-1.amazonaws.com/graphql,958,0,0
1662375828259,1160,https://lmwtjcb3tnhrjl6tbksnm74t44.appsync-api.us-east-1.amazonaws.com/graphql,200,OK,Thread Group 1-10,text,true,,1129,1795,10,10,https://lmwtjcb3tnhrjl6tbksnm74t44.appsync-api.us-east-1.amazonaws.com/graphql,1160,0,0
1662375828584,846,https://lmwtjcb3tnhrjl6tbksnm74t44.appsync-api.us-east-1.amazonaws.com/graphql,200,OK,Thread Group 1-5,text,true,,4950,2392,10,10,https://lmwtjcb3tnhrjl6tbksnm74t44.appsync-api.us-east-1.amazonaws.com/graphql,846,0,0
1662375827985,1484,https://lmwtjcb3tnhrjl6tbksnm74t44.appsync-api.us-east-1.amazonaws.com/graphql,200,OK,Thread Group 1-4,text,true,,2888,1811,10,10,https://lmwtjcb3tnhrjl6tbksnm74t44.appsync-api.us-east-1.amazonaws.com/graphql,1484,0,0
1662375828309,1183,https://lmwtjcb3tnhrjl6tbksnm74t44.appsync-api.us-east-1.amazonaws.com/graphql,200,OK,Thread Group 1-2,text,true,,1510,1814,10,10,https://lmwtjcb3tnhrjl6tbksnm74t44.appsync-api.us-east-1.amazonaws.com/graphql,1183,0,0
1662375829009,501,https://lmwtjcb3tnhrjl6tbksnm74t44.appsync-api.us-east-1.amazonaws.com/graphql,200,OK,Thread Group 1-7,text,true,,474,1747,10,10,https://lmwtjcb3tnhrjl6tbksnm74t44.appsync-api.us-east-1.amazonaws.com/graphql,501,0,0
1662375826055,3527,https://lmwtjcb3tnhrjl6tbksnm74t44.appsync-api.us-east-1.amazonaws.com/graphql,200,OK,Thread Group 1-3,text,true,,4950,2392,10,10,https://lmwtjcb3tnhrjl6tbksnm74t44.appsync-api.us-east-1.amazonaws.com/graphql,3525,0,0
1662375828482,1358,https://lmwtjcb3tnhrjl6tbksnm74t44.appsync-api.us-east-1.amazonaws.com/graphql,200,OK,Thread Group 1-6,text,true,,4927,2392,10,10,https://lmwtjcb3tnhrjl6tbksnm74t44.appsync-api.us-east-1.amazonaws.com/graphql,1358,0,0
1662375829102,841,https://q7y8ibn334.execute-api.us-east-1.amazonaws.com/prodlive/getfilter,200,OK,Thread Group 1-9,text,true,,613,2150,10,10,https://q7y8ibn334.execute-api.us-east-1.amazonaws.com/prodlive/getfilter,841,0,0
1662375829006,1162,https://lmwtjcb3tnhrjl6tbksnm74t44.appsync-api.us-east-1.amazonaws.com/graphql,200,OK,Thread Group 1-1,text,true,,1508,1813,10,10,https://lmwtjcb3tnhrjl6tbksnm74t44.appsync-api.us-east-1.amazonaws.com/graphql,1162,0,0
1662375775744,54344,Test,200,"Number of samples in transaction : 25, number of failing samples : 0",Thread Group 1-1,,true,,61604,62938,10,10,null,54333,79,2058
1662375829430,844,https://lmwtjcb3tnhrjl6tbksnm74t44.appsync-api.us-east-1.amazonaws.com/graphql,200,OK,Thread Group 1-5,text,true,,2888,1811,9,9,https://lmwtjcb3tnhrjl6tbksnm74t44.appsync-api.us-east-1.amazonaws.com/graphql,844,0,0
1662375829419,894,https://q7y8ibn334.execute-api.us-east-1.amazonaws.com/prodlive/getfilter,200,OK,Thread Group 1-10,text,true,,613,2150,9,9,https://q7y8ibn334.execute-api.us-east-1.amazonaws.com/prodlive/getfilter,894,0,0
1662375829469,1039,https://lmwtjcb3tnhrjl6tbksnm74t44.appsync-api.us-east-1.amazonaws.com/graphql,200,OK,Thread Group 1-4,text,true,,1510,1814,9,9,https://lmwtjcb3tnhrjl6tbksnm74t44.appsync-api.us-east-1.amazonaws.com/graphql,1039,0,0
1662375829492,1116,https://lmwtjcb3tnhrjl6tbksnm74t44.appsync-api.us-east-1.amazonaws.com/graphql,200,OK,Thread Group 1-2,text,true,,1508,1813,9,9,https://lmwtjcb3tnhrjl6tbksnm74t44.appsync-api.us-east-1.amazonaws.com/graphql,1116,0,0
1662375776740,53836,Test,200,"Number of samples in transaction : 25, number of failing samples : 0",Thread Group 1-2,,true,,61604,62938,9,9,null,53817,32,1091
1662375829841,781,https://lmwtjcb3tnhrjl6tbksnm74t44.appsync-api.us-east-1.amazonaws.com/graphql,200,OK,Thread Group 1-6,text,true,,4950,2392,8,8,https://lmwtjcb3tnhrjl6tbksnm74t44.appsync-api.us-east-1.amazonaws.com/graphql,781,0,0
1662375829944,897,https://lmwtjcb3tnhrjl6tbksnm74t44.appsync-api.us-east-1.amazonaws.com/graphql,200,OK,Thread Group 1-9,text,true,,10101,1845,8,8,https://lmwtjcb3tnhrjl6tbksnm74t44.appsync-api.us-east-1.amazonaws.com/graphql,885,0,0
1662375829511,1388,https://lmwtjcb3tnhrjl6tbksnm74t44.appsync-api.us-east-1.amazonaws.com/graphql,200,OK,Thread Group 1-7,text,true,,4927,2392,8,8,https://lmwtjcb3tnhrjl6tbksnm74t44.appsync-api.us-east-1.amazonaws.com/graphql,1388,0,0
1662375830313,878,https://lmwtjcb3tnhrjl6tbksnm74t44.appsync-api.us-east-1.amazonaws.com/graphql,200,OK,Thread Group 1-10,text,true,,10101,1845,8,8,https://lmwtjcb3tnhrjl6tbksnm74t44.appsync-api.us-east-1.amazonaws.com/graphql,878,0,0
1662375830841,509,https://lmwtjcb3tnhrjl6tbksnm74t44.appsync-api.us-east-1.amazonaws.com/graphql,200,OK,Thread Group 1-9,text,true,,474,1747,8,8,https://lmwtjcb3tnhrjl6tbksnm74t44.appsync-api.us-east-1.amazonaws.com/graphql,509,0,0
1662375830509,1120,https://lmwtjcb3tnhrjl6tbksnm74t44.appsync-api.us-east-1.amazonaws.com/graphql,200,OK,Thread Group 1-4,text,true,,1508,1813,8,8,https://lmwtjcb3tnhrjl6tbksnm74t44.appsync-api.us-east-1.amazonaws.com/graphql,1120,0,0
1662375778735,52870,Test,200,"Number of samples in transaction : 25, number of failing samples : 0",Thread Group 1-4,,true,,61676,62938,8,8,null,52868,24,1060
1662375830275,1375,https://lmwtjcb3tnhrjl6tbksnm74t44.appsync-api.us-east-1.amazonaws.com/graphql,200,OK,Thread Group 1-5,text,true,,1487,1814,7,7,https://lmwtjcb3tnhrjl6tbksnm74t44.appsync-api.us-east-1.amazonaws.com/graphql,1375,0,0
1662375830622,1485,https://lmwtjcb3tnhrjl6tbksnm74t44.appsync-api.us-east-1.amazonaws.com/graphql,200,OK,Thread Group 1-6,text,true,,2888,1811,7,7,https://lmwtjcb3tnhrjl6tbksnm74t44.appsync-api.us-east-1.amazonaws.com/graphql,1485,0,0
1662375831191,959,https://lmwtjcb3tnhrjl6tbksnm74t44.appsync-api.us-east-1.amazonaws.com/graphql,200,OK,Thread Group 1-10,text,true,,474,1747,7,7,https://lmwtjcb3tnhrjl6tbksnm74t44.appsync-api.us-east-1.amazonaws.com/graphql,959,0,0
1662375830899,1255,https://lmwtjcb3tnhrjl6tbksnm74t44.appsync-api.us-east-1.amazonaws.com/graphql,200,OK,Thread Group 1-7,text,true,,4950,2392,7,7,https://lmwtjcb3tnhrjl6tbksnm74t44.appsync-api.us-east-1.amazonaws.com/graphql,1255,0,0
1662375829583,2685,https://lmwtjcb3tnhrjl6tbksnm74t44.appsync-api.us-east-1.amazonaws.com/graphql,200,OK,Thread Group 1-3,text,true,,4950,2392,7,7,https://lmwtjcb3tnhrjl6tbksnm74t44.appsync-api.us-east-1.amazonaws.com/graphql,2683,0,0
1662375831650,672,https://lmwtjcb3tnhrjl6tbksnm74t44.appsync-api.us-east-1.amazonaws.com/graphql,200,OK,Thread Group 1-5,text,true,,1508,1813,7,7,https://lmwtjcb3tnhrjl6tbksnm74t44.appsync-api.us-east-1.amazonaws.com/graphql,672,0,0
1662375779735,52568,Test,200,"Number of samples in transaction : 25, number of failing samples : 0",Thread Group 1-5,,true,,61677,62938,7,7,null,52556,19,1061
1662375828752,4086,https://lmwtjcb3tnhrjl6tbksnm74t44.appsync-api.us-east-1.amazonaws.com/graphql,200,OK,Thread Group 1-8,text,true,,4927,2392,6,6,https://lmwtjcb3tnhrjl6tbksnm74t44.appsync-api.us-east-1.amazonaws.com/graphql,4086,0,0
1662375831350,1495,https://lmwtjcb3tnhrjl6tbksnm74t44.appsync-api.us-east-1.amazonaws.com/graphql,200,OK,Thread Group 1-9,text,true,,4927,2392,6,6,https://lmwtjcb3tnhrjl6tbksnm74t44.appsync-api.us-east-1.amazonaws.com/graphql,1495,0,0
1662375832155,812,https://lmwtjcb3tnhrjl6tbksnm74t44.appsync-api.us-east-1.amazonaws.com/graphql,200,OK,Thread Group 1-7,text,true,,2911,1811,6,6,https://lmwtjcb3tnhrjl6tbksnm74t44.appsync-api.us-east-1.amazonaws.com/graphql,810,0,0
1662375832107,1190,https://lmwtjcb3tnhrjl6tbksnm74t44.appsync-api.us-east-1.amazonaws.com/graphql,200,OK,Thread Group 1-6,text,true,,1510,1814,6,6,https://lmwtjcb3tnhrjl6tbksnm74t44.appsync-api.us-east-1.amazonaws.com/graphql,1190,0,0
1662375832151,1174,https://lmwtjcb3tnhrjl6tbksnm74t44.appsync-api.us-east-1.amazonaws.com/graphql,200,OK,Thread Group 1-10,text,true,,4950,2392,6,6,https://lmwtjcb3tnhrjl6tbksnm74t44.appsync-api.us-east-1.amazonaws.com/graphql,1174,0,0
1662375832268,1222,https://lmwtjcb3tnhrjl6tbksnm74t44.appsync-api.us-east-1.amazonaws.com/graphql,200,OK,Thread Group 1-3,text,true,,2911,1811,6,6,https://lmwtjcb3tnhrjl6tbksnm74t44.appsync-api.us-east-1.amazonaws.com/graphql,1220,0,0
1662375832967,1180,https://lmwtjcb3tnhrjl6tbksnm74t44.appsync-api.us-east-1.amazonaws.com/graphql,200,OK,Thread Group 1-7,text,true,,1510,1814,6,6,https://lmwtjcb3tnhrjl6tbksnm74t44.appsync-api.us-east-1.amazonaws.com/graphql,1180,0,0
1662375832839,1327,https://lmwtjcb3tnhrjl6tbksnm74t44.appsync-api.us-east-1.amazonaws.com/graphql,200,OK,Thread Group 1-8,text,true,,4950,2392,6,6,https://lmwtjcb3tnhrjl6tbksnm74t44.appsync-api.us-east-1.amazonaws.com/graphql,1325,0,0
1662375833298,1079,https://lmwtjcb3tnhrjl6tbksnm74t44.appsync-api.us-east-1.amazonaws.com/graphql,200,OK,Thread Group 1-6,text,true,,1508,1813,6,6,https://lmwtjcb3tnhrjl6tbksnm74t44.appsync-api.us-east-1.amazonaws.com/graphql,1079,0,0
1662375780736,53620,Test,200,"Number of samples in transaction : 25, number of failing samples : 0",Thread Group 1-6,,true,,61699,62938,6,6,null,53612,21,1060
1662375833325,1136,https://lmwtjcb3tnhrjl6tbksnm74t44.appsync-api.us-east-1.amazonaws.com/graphql,200,OK,Thread Group 1-10,text,true,,4950,2392,5,5,https://lmwtjcb3tnhrjl6tbksnm74t44.appsync-api.us-east-1.amazonaws.com/graphql,1136,0,0
1662375833491,1133,https://lmwtjcb3tnhrjl6tbksnm74t44.appsync-api.us-east-1.amazonaws.com/graphql,200,OK,Thread Group 1-3,text,true,,1511,1814,5,5,https://lmwtjcb3tnhrjl6tbksnm74t44.appsync-api.us-east-1.amazonaws.com/graphql,1133,0,0
1662375834149,696,https://lmwtjcb3tnhrjl6tbksnm74t44.appsync-api.us-east-1.amazonaws.com/graphql,200,OK,Thread Group 1-7,text,true,,1508,1813,5,5,https://lmwtjcb3tnhrjl6tbksnm74t44.appsync-api.us-east-1.amazonaws.com/graphql,696,0,0
1662375781737,53090,Test,200,"Number of samples in transaction : 25, number of failing samples : 0",Thread Group 1-7,,true,,61724,62938,5,5,null,53066,18,1065
1662375834625,716,https://lmwtjcb3tnhrjl6tbksnm74t44.appsync-api.us-east-1.amazonaws.com/graphql,200,OK,Thread Group 1-3,text,true,,1508,1813,4,4,https://lmwtjcb3tnhrjl6tbksnm74t44.appsync-api.us-east-1.amazonaws.com/graphql,716,0,0
1662375777737,57584,Test,200,"Number of samples in transaction : 25, number of failing samples : 0",Thread Group 1-3,,true,,61746,62938,4,4,null,57575,21,1108
1662375834167,1239,https://lmwtjcb3tnhrjl6tbksnm74t44.appsync-api.us-east-1.amazonaws.com/graphql,200,OK,Thread Group 1-8,text,true,,2911,1811,3,3,https://lmwtjcb3tnhrjl6tbksnm74t44.appsync-api.us-east-1.amazonaws.com/graphql,1239,0,0
1662375834462,1438,https://lmwtjcb3tnhrjl6tbksnm74t44.appsync-api.us-east-1.amazonaws.com/graphql,200,OK,Thread Group 1-10,text,true,,2911,1811,3,3,https://lmwtjcb3tnhrjl6tbksnm74t44.appsync-api.us-east-1.amazonaws.com/graphql,1438,0,0
1662375832846,3673,https://lmwtjcb3tnhrjl6tbksnm74t44.appsync-api.us-east-1.amazonaws.com/graphql,200,OK,Thread Group 1-9,text,true,,4950,2392,3,3,https://lmwtjcb3tnhrjl6tbksnm74t44.appsync-api.us-east-1.amazonaws.com/graphql,3673,0,0
1662375835406,1183,https://lmwtjcb3tnhrjl6tbksnm74t44.appsync-api.us-east-1.amazonaws.com/graphql,200,OK,Thread Group 1-8,text,true,,1510,1814,3,3,https://lmwtjcb3tnhrjl6tbksnm74t44.appsync-api.us-east-1.amazonaws.com/graphql,1183,0,0
1662375835900,1252,https://lmwtjcb3tnhrjl6tbksnm74t44.appsync-api.us-east-1.amazonaws.com/graphql,200,OK,Thread Group 1-10,text,true,,1510,1814,3,3,https://lmwtjcb3tnhrjl6tbksnm74t44.appsync-api.us-east-1.amazonaws.com/graphql,1252,0,0
1662375836589,1095,https://lmwtjcb3tnhrjl6tbksnm74t44.appsync-api.us-east-1.amazonaws.com/graphql,200,OK,Thread Group 1-8,text,true,,1508,1813,3,3,https://lmwtjcb3tnhrjl6tbksnm74t44.appsync-api.us-east-1.amazonaws.com/graphql,1095,0,0
1662375782734,54931,Test,200,"Number of samples in transaction : 25, number of failing samples : 0",Thread Group 1-8,,true,,61722,62938,3,3,null,54924,20,1052
1662375836519,1253,https://lmwtjcb3tnhrjl6tbksnm74t44.appsync-api.us-east-1.amazonaws.com/graphql,200,OK,Thread Group 1-9,text,true,,2911,1811,2,2,https://lmwtjcb3tnhrjl6tbksnm74t44.appsync-api.us-east-1.amazonaws.com/graphql,1253,0,0
1662375837154,1073,https://lmwtjcb3tnhrjl6tbksnm74t44.appsync-api.us-east-1.amazonaws.com/graphql,200,OK,Thread Group 1-10,text,true,,1508,1813,2,2,https://lmwtjcb3tnhrjl6tbksnm74t44.appsync-api.us-east-1.amazonaws.com/graphql,1073,0,0
1662375784735,53471,Test,,"Number of samples in transaction : 25, number of failing samples : 1",Thread Group 1-10,,false,,60019,62938,2,2,null,53464,22,1104
1662375837773,1191,https://lmwtjcb3tnhrjl6tbksnm74t44.appsync-api.us-east-1.amazonaws.com/graphql,200,OK,Thread Group 1-9,text,true,,1510,1814,1,1,https://lmwtjcb3tnhrjl6tbksnm74t44.appsync-api.us-east-1.amazonaws.com/graphql,1191,0,0
1662375838964,1079,https://lmwtjcb3tnhrjl6tbksnm74t44.appsync-api.us-east-1.amazonaws.com/graphql,200,OK,Thread Group 1-9,text,true,,1508,1813,1,1,https://lmwtjcb3tnhrjl6tbksnm74t44.appsync-api.us-east-1.amazonaws.com/graphql,1079,0,0
1662375783734,56292,Test,200,"Number of samples in transaction : 25, number of failing samples : 0",Thread Group 1-9,,true,,61722,62938,1,1,null,56279,19,1057
